id,name,department,salary
1,anu,001,12000
2,samu,002,25000
3,tommy,003,15000
4,acu,002,30000
5,saif,001,56225
6,ercjr,004,2653
7,efn,005,2536
8,njrn,003,8652
9,sdvf,002,30000
10,fvif,001,56225
11,erwer,004,2653
12,efnec,005,2536
13,nvrfjrn,003,8652
14,anu,001,12000
15,samu,002,25000
16,tommy,003,15000
17,acu,002,30000
18,saif,001,56225
19,ercjr,004,2653
20,efn,005,2536
21,njrn,003,8652
22,sdvf,002,30000
23,fvif,001,56225
24,erwer,004,2653
25,efnec,005,2536
26,nvrfjrn,003,8652
27,anu,001,12000
28,samu,002,25000
29,tommy,003,15000
30,acu,002,30000
31,saif,001,56225
32,ercjr,004,2653
33,efn,005,2536
34,njrn,003,8652
35,sdvf,002,30000
36,fvif,001,56225
37,erwer,004,2653
38,efnec,005,2536
39,nvrfjrn,003,8652
40,anu,001,12000
41,samu,002,25000
42,tommy,003,15000
43,acu,002,30000
44,saif,001,56225
45,ercjr,004,2653
46,efn,005,2536
47,njrn,003,8652
48,sdvf,002,30000
49,fvif,001,56225
50,erwer,004,2653
51,efnec,005,2536
52,nvrfjrn,003,8652
53,anu,001,12000
54,samu,002,25000
55,tommy,003,15000
56,acu,002,30000
57,saif,001,56225
58,ercjr,004,2653
59,efn,005,2536
60,njrn,003,8652
61,sdvf,002,30000
62,fvif,001,56225
63,erwer,004,2653
64,efnec,005,2536
65,nvrfjrn,003,8652
66,anu,001,12000
67,samu,002,25000
68,tommy,003,15000
69,acu,002,30000
70,saif,001,56225
71,ercjr,004,2653
72,efn,005,2536
73,njrn,003,8652
74,sdvf,002,30000
75,fvif,001,56225
76,erwer,004,2653
77,efnec,005,2536
78,nvrfjrn,003,8652
79,anu,001,12000
80,samu,002,25000
81,tommy,003,15000
82,acu,002,30000
83,saif,001,56225
84,ercjr,004,2653
85,efn,005,2536
86,njrn,003,8652
87,sdvf,002,30000
88,fvif,001,56225
89,erwer,004,2653
90,efnec,005,2536
91,nvrfjrn,003,8652
92,anu,001,12000
93,samu,002,25000
94,tommy,003,15000
95,acu,002,30000
96,saif,001,56225
97,ercjr,004,2653
98,efn,005,2536
99,njrn,003,8652
100,sdvf,002,30000
101,fvif,001,56225
102,erwer,004,2653
103,efnec,005,2536
104,nvrfjrn,003,8652
105,sdvf,002,30000
106,fvif,001,56225
107,erwer,004,2653
108,efnec,005,2536
109,nvrfjrn,003,8652
110,sdvf,002,30000
111,fvif,001,56225
112,erwer,004,2653
113,efnec,005,2536
114,nvrfjrn,003,8652
115,sdvf,002,30000
116,fvif,001,56225
117,erwer,004,2653
118,efnec,005,2536
119,nvrfjrn,003,8652
120,sdvf,002,30000
121,fvif,001,56225
122,erwer,004,2653
123,efnec,005,2536
124,nvrfjrn,003,8652
125,sdvf,002,30000
126,fvif,001,56225
127,erwer,004,2653
128,efnec,005,2536
129,nvrfjrn,003,8652
130,sdvf,002,30000
131,fvif,001,56225
132,erwer,004,2653
133,efnec,005,2536
134,nvrfjrn,003,8652
135,sdvf,002,30000
136,fvif,001,56225
137,erwer,004,2653
138,efnec,005,2536
139,nvrfjrn,003,8652
140,sdvf,002,30000
141,fvif,001,56225
142,erwer,004,2653
143,efnec,005,2536
144,nvrfjrn,003,8652
145,sdvf,002,30000
146,fvif,001,56225
147,erwer,004,2653
148,efnec,005,2536
149,nvrfjrn,003,8652
150,sdvf,002,30000
151,fvif,001,56225
152,erwer,004,2653
153,efnec,005,2536
154,nvrfjrn,003,8652
155,sdvf,002,30000
156,fvif,001,56225
157,erwer,004,2653
158,efnec,005,2536
159,nvrfjrn,003,8652
160,sdvf,002,30000
161,fvif,001,56225
162,erwer,004,2653
163,efnec,005,2536
164,nvrfjrn,003,8652
165,sdvf,002,30000
166,fvif,001,56225
167,erwer,004,2653
168,efnec,005,2536
169,nvrfjrn,003,8652
170,sdvf,002,30000
171,fvif,001,56225
172,erwer,004,2653
173,efnec,005,2536
174,nvrfjrn,003,8652
175,sdvf,002,30000
176,fvif,001,56225
177,erwer,004,2653
178,efnec,005,2536
179,nvrfjrn,003,8652
180,sdvf,002,30000
181,fvif,001,56225
182,erwer,004,2653
183,efnec,005,2536
184,nvrfjrn,003,8652
185,sdvf,002,30000
186,fvif,001,56225
187,erwer,004,2653
188,efnec,005,2536
189,nvrfjrn,003,8652
190,sdvf,002,30000
191,fvif,001,56225
192,erwer,004,2653
193,efnec,005,2536
194,nvrfjrn,003,8652
195,sdvf,002,30000
196,fvif,001,56225
197,erwer,004,2653
198,efnec,005,2536
199,nvrfjrn,003,8652
200,sdvf,002,30000
201,fvif,001,56225
202,erwer,004,2653
203,efnec,005,2536
204,nvrfjrn,003,8652
205,sdvf,002,30000
206,fvif,001,56225
207,erwer,004,2653
208,efnec,005,2536
209,nvrfjrn,003,8652
210,sdvf,002,30000
211,fvif,001,56225
212,erwer,004,2653
213,efnec,005,2536
214,nvrfjrn,003,8652
215,sdvf,002,30000
216,fvif,001,56225
217,erwer,004,2653
218,efnec,005,2536
219,nvrfjrn,003,8652
220,drggr,005,54847
221,fvif,001,56225
222,erwer,004,2653
223,efnec,005,2536
224,nvrfjrn,003,8652
225,sdvf,002,30000
226,fvif,001,56225
227,erwer,004,2653
228,efnec,005,2536
229,nvrfjrn,003,8652
230,sdvf,002,30000
231,fvif,001,56225
232,erwer,004,2653
233,efnec,005,2536
234,nvrfjrn,003,8652
235,sdvf,002,30000
236,fvif,001,56225
237,erwer,004,2653
238,efnec,005,2536
239,nvrfjrn,003,8652
240,sdvf,002,30000
241,fvif,001,56225
242,erwer,004,2653
243,efnec,005,2536
244,nvrfjrn,003,8652
245,sdvf,002,30000
246,fvif,001,56225
247,erwer,004,2653
248,efnec,005,2536
249,nvrfjrn,003,8652
250,sdvf,002,30000
251,fvif,001,56225
252,erwer,004,2653
253,efnec,005,2536
254,nvrfjrn,003,8652
255,sdvf,002,30000
256,fvif,001,56225
257,erwer,004,2653
258,efnec,005,2536
259,nvrfjrn,003,8652
260,sdvf,002,30000
261,fvif,001,56225
262,erwer,004,2653
263,efnec,005,2536
264,nvrfjrn,003,8652
265,sdvf,002,30000
266,fvif,001,56225
267,erwer,004,2653
268,efnec,005,2536
269,nvrfjrn,003,8652
270,sdvf,002,30000
271,fvif,001,56225
272,erwer,004,2653
273,efnec,005,2536
274,nvrfjrn,003,8652
275,sdvf,002,30000
276,fvif,001,56225
277,erwer,004,2653
278,efnec,005,2536
279,nvrfjrn,003,8652
280,sdvf,002,30000
281,fvif,001,56225
282,erwer,004,2653
283,efnec,005,2536
284,nvrfjrn,003,8652
285,sdvf,002,30000
286,fvif,001,56225
287,erwer,004,2653
288,efnec,005,2536
289,nvrfjrn,003,8652
290,sdvf,002,30000
291,fvif,001,56225
292,erwer,004,2653
293,efnec,005,2536
294,nvrfjrn,003,8652
295,sdvf,002,30000
296,fvif,001,56225
297,erwer,004,2653
298,efnec,005,2536
299,nvrfjrn,003,8652
300,sdvf,002,30000
301,fvif,001,56225
302,erwer,004,2653
303,efnec,005,2536
304,nvrfjrn,003,8652
305,sdvf,002,30000
306,fvif,001,56225
307,erwer,004,2653
308,efnec,005,2536
309,nvrfjrn,003,8652
310,sdvf,002,30000
311,fvif,001,56225
312,erwer,004,2653
313,efnec,005,2536
314,nvrfjrn,003,8652
315,sdvf,002,30000
316,fvif,001,56225
317,erwer,004,2653
318,efnec,005,2536
319,nvrfjrn,003,8652
320,drggr,005,54847
321,fvif,001,56225
322,erwer,004,2653
323,efnec,005,2536
324,nvrfjrn,003,8652
325,sdvf,002,30000
326,fvif,001,56225
327,erwer,004,2653
328,efnec,005,2536
329,nvrfjrn,003,8652
330,sdvf,002,30000
331,fvif,001,56225
332,erwer,004,2653
333,efnec,005,2536
334,nvrfjrn,003,8652
335,sdvf,002,30000
336,fvif,001,56225
337,erwer,004,2653
338,efnec,005,2536
339,nvrfjrn,003,8652
340,sdvf,002,30000
341,fvif,001,56225
342,erwer,004,2653
343,efnec,005,2536
344,nvrfjrn,003,8652
345,sdvf,002,30000
346,fvif,001,56225
347,erwer,004,2653
348,efnec,005,2536
349,nvrfjrn,003,8652
350,sdvf,002,30000
351,fvif,001,56225
352,erwer,004,2653
353,efnec,005,2536
354,nvrfjrn,003,8652
355,sdvf,002,30000
356,fvif,001,56225
357,erwer,004,2653
358,efnec,005,2536
359,nvrfjrn,003,8652
360,sdvf,002,30000
361,fvif,001,56225
362,erwer,004,2653
363,efnec,005,2536
364,nvrfjrn,003,8652
365,sdvf,002,30000
366,fvif,001,56225
367,erwer,004,2653
368,efnec,005,2536
369,nvrfjrn,003,8652
370,sdvf,002,30000
371,fvif,001,56225
372,erwer,004,2653
373,efnec,005,2536
374,nvrfjrn,003,8652
375,sdvf,002,30000
376,fvif,001,56225
377,erwer,004,2653
378,efnec,005,2536
379,nvrfjrn,003,8652
380,sdvf,002,30000
381,fvif,001,56225
382,erwer,004,2653
383,efnec,005,2536
384,nvrfjrn,003,8652
385,sdvf,002,30000
386,fvif,001,56225
387,erwer,004,2653
388,efnec,005,2536
389,nvrfjrn,003,8652
390,sdvf,002,30000
391,fvif,001,56225
392,erwer,004,2653
393,efnec,005,2536
394,nvrfjrn,003,8652
395,sdvf,002,30000
396,fvif,001,56225
397,erwer,004,2653
398,efnec,005,2536
399,nvrfjrn,003,8652
400,sdvf,002,30000
401,fvif,001,56225
402,erwer,004,2653
403,efnec,005,2536
404,nvrfjrn,003,8652
405,sdvf,002,30000
406,fvif,001,56225
407,erwer,004,2653
408,efnec,005,2536
409,nvrfjrn,003,8652
410,sdvf,002,30000
411,fvif,001,56225
412,erwer,004,2653
413,efnec,005,2536
414,nvrfjrn,003,8652
415,sdvf,002,30000
416,fvif,001,56225
417,erwer,004,2653
418,efnec,005,2536
419,nvrfjrn,003,8652
420,drggr,005,54847
421,fvif,001,56225
422,erwer,004,2653
423,efnec,005,2536
424,nvrfjrn,003,8652
425,sdvf,002,30000
426,fvif,001,56225
427,erwer,004,2653
428,efnec,005,2536
429,nvrfjrn,003,8652
430,sdvf,002,30000
431,fvif,001,56225
432,erwer,004,2653
433,efnec,005,2536
434,nvrfjrn,003,8652
435,sdvf,002,30000
436,fvif,001,56225
437,erwer,004,2653
438,efnec,005,2536
439,nvrfjrn,003,8652
440,sdvf,002,30000
441,fvif,001,56225
442,erwer,004,2653
443,efnec,005,2536
444,nvrfjrn,003,8652
445,sdvf,002,30000
446,fvif,001,56225
447,erwer,004,2653
448,efnec,005,2536
449,nvrfjrn,003,8652
450,sdvf,002,30000
451,fvif,001,56225
452,erwer,004,2653
453,efnec,005,2536
454,nvrfjrn,003,8652
455,sdvf,002,30000
456,fvif,001,56225
457,erwer,004,2653
458,efnec,005,2536
459,nvrfjrn,003,8652
460,sdvf,002,30000
461,fvif,001,56225
462,erwer,004,2653
463,efnec,005,2536
464,nvrfjrn,003,8652
465,sdvf,002,30000
466,fvif,001,56225
467,erwer,004,2653
468,efnec,005,2536
469,nvrfjrn,003,8652
470,sdvf,002,30000
471,fvif,001,56225
472,erwer,004,2653
473,efnec,005,2536
474,nvrfjrn,003,8652
475,sdvf,002,30000
476,fvif,001,56225
477,erwer,004,2653
478,efnec,005,2536
479,nvrfjrn,003,8652
480,sdvf,002,30000
481,fvif,001,56225
482,erwer,004,2653
483,efnec,005,2536
484,nvrfjrn,003,8652
485,sdvf,002,30000
486,fvif,001,56225
487,erwer,004,2653
488,efnec,005,2536
489,nvrfjrn,003,8652
490,sdvf,002,30000
491,fvif,001,56225
492,erwer,004,2653
493,efnec,005,2536
494,nvrfjrn,003,8652
495,sdvf,002,30000
496,fvif,001,56225
497,erwer,004,2653
498,efnec,005,25364
499,nvrfjrn,003,8652
500,sdvf,002,30000